{
	"info": {
		"_postman_id": "5f9a4951-c2fe-4780-94ea-76db8a19af84",
		"name": "dataprodjango",
		"schema": "https://schema.getpostman.com/json/collection/v2.1.0/collection.json"
	},
	"item": [
		{
			"name": "home http://127.0.0.1:8000/",
			"request": {
				"method": "GET",
				"header": [],
				"url": {
					"raw": "https://dataprogrammingpro.herokuapp.com/",
					"protocol": "https",
					"host": [
						"dataprogrammingpro",
						"herokuapp",
						"com"
					],
					"path": [
						""
					]
				}
			},
			"response": []
		},
		{
			"name": "post stud",
			"request": {
				"method": "POST",
				"header": [],
				"body": {
					"mode": "raw",
					"raw": "{\n    \"student_name\":\"jinal\",\n    \"student_enrollment\":1,\n    \"student_grades\":90\n}",
					"options": {
						"raw": {
							"language": "json"
						}
					}
				},
				"url": {
					"raw": "https://dataprogrammingpro.herokuapp.com/api/students/",
					"protocol": "https",
					"host": [
						"dataprogrammingpro",
						"herokuapp",
						"com"
					],
					"path": [
						"api",
						"students",
						""
					]
				}
			},
			"response": []
		},
		{
			"name": "get all studs",
			"request": {
				"method": "GET",
				"header": [],
				"url": {
					"raw": "https://dataprogrammingpro.herokuapp.com/api/students/",
					"protocol": "https",
					"host": [
						"dataprogrammingpro",
						"herokuapp",
						"com"
					],
					"path": [
						"api",
						"students",
						""
					]
				}
			},
			"response": []
		},
		{
			"name": "delete all students",
			"request": {
				"method": "DELETE",
				"header": [],
				"url": {
					"raw": "https://dataprogrammingpro.herokuapp.com/api/students/",
					"protocol": "https",
					"host": [
						"dataprogrammingpro",
						"herokuapp",
						"com"
					],
					"path": [
						"api",
						"students",
						""
					]
				}
			},
			"response": []
		},
		{
			"name": "fetch from website and store it in database",
			"request": {
				"method": "GET",
				"header": [],
				"url": {
					"raw": "https://dataprogrammingpro.herokuapp.com/fetchandstoreindb/",
					"protocol": "https",
					"host": [
						"dataprogrammingpro",
						"herokuapp",
						"com"
					],
					"path": [
						"fetchandstoreindb",
						""
					]
				}
			},
			"response": []
		},
		{
			"name": "marks above range",
			"request": {
				"method": "GET",
				"header": [],
				"url": {
					"raw": "https://dataprogrammingpro.herokuapp.com/api/students/?from=220009&to=220010",
					"protocol": "https",
					"host": [
						"dataprogrammingpro",
						"herokuapp",
						"com"
					],
					"path": [
						"api",
						"students",
						""
					],
					"query": [
						{
							"key": "from",
							"value": "220009"
						},
						{
							"key": "to",
							"value": "220010"
						}
					]
				}
			},
			"response": []
		},
		{
			"name": "get student by id",
			"request": {
				"method": "GET",
				"header": [],
				"url": {
					"raw": "https://dataprogrammingpro.herokuapp.com/api/students/?id=-N-JeLpR19R18ng0kUKy",
					"protocol": "https",
					"host": [
						"dataprogrammingpro",
						"herokuapp",
						"com"
					],
					"path": [
						"api",
						"students",
						""
					],
					"query": [
						{
							"key": "id",
							"value": "-N-JeLpR19R18ng0kUKy"
						}
					]
				}
			},
			"response": []
		}
	]
}